EmployeeID,Name,Age,Department,Salary,YearsOfService
1,John Smith,34,IT,75000,5
,,28,HR,60000,3
3,Michael Brown,,Sales,,2
4,Sophia Davis,45,Marketing,80000,
,,36,,65000,4
6,William Anderson,41,IT,72000,6
7,Ava Martinez,,Finance,,3
8,David Thomas,27,,68000,2
9,Isabella Lee,33,HR,62000,
,Emma Johnson,,Sales,70000,4
11,Liam Garcia,38,,75000,5
12,Jacob Walker,,Marketing,,3
13,Charlotte Hall,42,IT,78000,
14,,25,Finance,65000,2
15,Harper Young,31,,72000,
16,Alexander King,,HR,60000,4
17,Amelia Wright,26,Sales,,3
18,,44,,68000,5
19,Evelyn Green,32,Marketing,80000,
20,Jack Adams,,IT,,6
21,Abigail Baker,30,Finance,65000,
,,35,,70000,2
23,Henry Gonzalez,46,Sales,72000,
24,Grace Nelson,,HR,,4
25,Samuel Carter,28,,75000,3
26,,40,Marketing,68000,5
27,Lily Roberts,33,IT,,6
28,Benjamin Turner,,Finance,62000,
29,Chloe Phillips,29,,65000,2
,Andrew Campbell,43,Sales,,4
31,Hannah Parker,,HR,70000,3
32,Matthew Evans,38,,72000,
33,Elizabeth Edwards,,Marketing,,5
34,Joshua Collins,26,IT,75000,
35,,44,Finance,68000,2
36,Christopher Morris,34,,62000,
37,Avery Rogers,,Sales,,4
38,Nathan Reed,41,HR,70000,3
,,27,Marketing,72000,
40,Zoey Cook,36,,75000,5
41,Logan Morgan,,IT,,6
42,Madison Bell,30,Finance,68000,
43,,45,,62000,2
44,Addison Cooper,32,Sales,70000,
45,Lucas Rivera,,HR,,4
46,Natalie Price,28,,72000,3
47,,39,Marketing,75000,
48,Scarlett Coleman,27,IT,,5
49,Dylan Ward,,Finance,68000,
50,Hazel Brooks,44,,62000,2
51,Luke Gray,31,Sales,,4
,,35,HR,70000,
53,Aria Sanders,29,,72000,3
54,Gabriel Ramirez,,Marketing,,5
55,Layla James,40,IT,75000,
56,,33,Finance,,6
57,Aiden Bennett,46,,68000,
58,Audrey Foster,,Sales,62000,2
59,Jackson Perry,38,HR,,4
60,,26,Marketing,70000,
61,Mason Powell,41,,72000,3
62,Penelope Long,,IT,,5
63,Carter Patterson,34,Finance,75000,
64,,30,Sales,,6
65,Aubrey Cox,45,HR,68000,
66,Jayden Hayes,,Marketing,62000,2
67,Brooklyn Ford,32,,70000,
68,,28,IT,,4
69,Elijah Watson,39,,72000,3
70,Skylar Myers,,Finance,,5
71,Landon Daniels,27,Sales,75000,
72,Connor Ford,,HR,68000,
73,,44,Marketing,,6
74,Paisley Hansen,31,,62000,2
75,Jordan Webb,,IT,70000,
76,Gianna Porter,35,,72000,4
77,John Smith,,Sales,,3
78,,46,Finance,75000,
79,Michael Brown,38,HR,,5
80,Sophia Davis,,Marketing,68000,
81,James Wilson,26,,62000,2
,,41,IT,,4
83,William Anderson,34,Sales,70000,
84,Ava Martinez,,Finance,,3
85,David Thomas,30,HR,72000,
86,,45,,75000,5
87,Isabella Lee,32,Marketing,,6
88,Liam Garcia,,IT,68000,
89,Emma Johnson,28,,62000,2
90,,39,Sales,,4
91,Jacob Walker,27,HR,70000,
92,Charlotte Hall,,Finance,,3
93,Ethan Allen,44,,72000,5
94,Harper Young,,Marketing,75000,
95,,31,IT,,6
96,Amelia Wright,35,Sales,68000,
97,Daniel Scott,,HR,,2
98,Evelyn Green,29,,62000,4
99,,40,Finance,70000,
100,Abigail Baker,46,Marketing,,3
101,Henry Gonzalez,,IT,72000,5
102,,33,Sales,,6
103,Lily Roberts,38,,75000,
104,Benjamin Turner,,HR,68000,2
105,Chloe Phillips,26,Finance,,4
106,,44,Marketing,62000,
107,Andrew Campbell,30,,70000,3
108,Hannah Parker,,IT,,5
109,Matthew Evans,41,Sales,72000,
110,,35,HR,,6
111,Elizabeth Edwards,27,Finance,75000,
112,Joshua Collins,,Marketing,,2
113,Sofia Stewart,32,,68000,4
114,,46,IT,62000,
115,Christopher Morris,28,Sales,,3
116,Avery Rogers,,HR,70000,5
117,Nathan Reed,39,,72000,
118,,27,Finance,,6
119,Zoey Cook,44,Marketing,75000,
120,Logan Morgan,,IT,,2
121,Madison Bell,31,Sales,68000,
122,,35,HR,,4
123,Anthony Bailey,29,,62000,3
124,Addison Cooper,,Finance,70000,5
125,Lucas Rivera,40,,72000,
126,,46,Marketing,,6
127,Natalie Price,38,IT,75000,
128,Owen Henderson,,Sales,,2
129,Scarlett Coleman,26,HR,68000,
130,,41,Finance,,4
131,Dylan Ward,34,,62000,3
132,Hazel Brooks,,Marketing,70000,5
133,Luke Gray,30,,72000,
134,,45,IT,,6
135,Aria Sanders,32,Sales,75000,
136,Gabriel Ramirez,,HR,,2
137,Layla James,28,Finance,68000,
138,,39,Marketing,,4
139,Aiden Bennett,27,,62000,3
140,Audrey Foster,,IT,70000,5
141,Jackson Perry,44,,72000,
142,,31,Sales,,6
143,Ella Barnes,35,HR,75000,
144,Mason Powell,,Finance,,2
145,Penelope Long,29,Marketing,68000,
146,,40,IT,,4
147,Carter Patterson,46,,62000,3
148,Wyatt Rivera,,Sales,70000,5
149,Aubrey Cox,38,,72000,
150,,26,HR,,6
151,Jayden Hayes,41,Finance,75000,
152,Brooklyn Ford,,Marketing,,2
153,Elijah Watson,34,IT,68000,
154,,30,Sales,,4
155,Skylar Myers,45,,62000,3
156,Landon Daniels,,HR,70000,5
157,Connor Ford,32,,72000,
158,,28,Finance,,6
159,Paisley Hansen,39,Marketing,75000,
160,Jordan Webb,,IT,,2
161,Gianna Porter,27,Sales,68000,
162,,44,HR,,4
163,John Smith,31,,62000,3
164,Michael Brown,,Finance,70000,5
165,Sophia Davis,35,,72000,
166,,29,Marketing,,6
167,James Wilson,40,IT,75000,
168,Emma Johnson,,Sales,,2
169,William Anderson,46,HR,68000,
170,,38,Finance,,4
171,Ava Martinez,26,,62000,3
172,David Thomas,,Marketing,70000,5
173,Isabella Lee,41,,72000,
174,,34,IT,,6
175,Liam Garcia,30,Sales,75000,
176,Emma Johnson,,HR,,2
177,Jacob Walker,45,Finance,68000,
178,,32,Marketing,,4
179,Charlotte Hall,28,,62000,3
180,Ethan Allen,,IT,70000,5
181,Harper Young,39,,72000,
182,,27,Sales,,6
183,Alexander King,44,HR,75000,
184,Amelia Wright,,Finance,,2
185,Daniel Scott,31,Marketing,68000,
186,,35,IT,,4
187,Evelyn Green,29,,62000,3
188,Jack Adams,,HR,70000,5
189,Abigail Baker,40,,72000,
190,,46,Sales,,6
191,Henry Gonzalez,38,Finance,75000,
192,Grace Nelson,,Marketing,,2
193,Samuel Carter,26,IT,68000,
194,,41,HR,,4
195,Lily Roberts,34,,62000,3
196,Benjamin Turner,,Sales,70000,5
197,Chloe Phillips,30,,72000,
198,,45,Finance,,6
199,Andrew Campbell,32,Marketing,75000,
200,Hannah Parker,,IT,,2
201,Matthew Evans,28,Sales,68000,
202,,39,HR,,4
203,Elizabeth Edwards,27,,62000,3
204,Joshua Collins,,Finance,70000,5
205,Sofia Stewart,44,,72000,
206,,31,Marketing,,6
207,Christopher Morris,35,IT,75000,
208,Avery Rogers,,Sales,,2
209,Nathan Reed,29,HR,68000,
210,,40,Finance,,4
211,Zoey Cook,46,,62000,3
212,Logan Morgan,,Marketing,70000,5
213,Madison Bell,38,,72000,
214,,26,IT,,6
215,Anthony Bailey,41,Sales,75000,
216,Addison Cooper,,HR,,2
217,Lucas Rivera,34,Finance,68000,
218,,30,Marketing,,4
219,Natalie Price,45,,62000,3
220,Owen Henderson,,IT,70000,5
221,Scarlett Coleman,32,,72000,
222,,28,Sales,,6
223,Dylan Ward,39,HR,75000,
224,Hazel Brooks,,Finance,,2
225,Luke Gray,27,Marketing,68000,
226,,44,IT,,4
227,Aria Sanders,31,,62000,3
228,Gabriel Ramirez,,Sales,70000,5
229,Layla James,35,,72000,
230,,29,HR,,6
231,Aiden Bennett,40,Finance,75000,
232,Audrey Foster,,Marketing,,2
233,Jackson Perry,46,IT,68000,
234,,38,Sales,,4
235,Ella Barnes,26,,62000,3
236,Mason Powell,,HR,70000,5
237,Penelope Long,41,,72000,
238,,34,Finance,,6
239,Carter Patterson,30,Marketing,75000,
240,Wyatt Rivera,,IT,,2
241,Aubrey Cox,45,Sales,68000,
242,,32,HR,,4
243,Jayden Hayes,28,,62000,3
244,Brooklyn Ford,,Finance,70000,5
245,Elijah Watson,39,,72000,
246,,27,Marketing,,6
247,Skylar Myers,44,IT,75000,
248,Landon Daniels,,Sales,,2
249,Connor Ford,31,HR,68000,
250,,35,Finance,,4
251,Paisley Hansen,29,,62000,3
252,Jordan Webb,,Marketing,70000,5
253,Gianna Porter,40,,72000,
254,,46,IT,,6
255,John Smith,38,Sales,75000,
256,Michael Brown,,HR,,2
257,Sophia Davis,26,Finance,68000,
258,,41,Marketing,,4
259,James Wilson,34,,62000,3
260,Emma Johnson,,IT,70000,5
261,William Anderson,30,,72000,
262,,45,Sales,,6
263,Ava Martinez,32,HR,75000,
264,David Thomas,,Finance,,2
265,Isabella Lee,28,Marketing,68000,
266,,39,IT,,4
267,Liam Garcia,27,,62000,3
268,Emma Johnson,,Sales,70000,5
269,Jacob Walker,44,,72000,
270,,31,HR,,6
271,Charlotte Hall,35,Finance,75000,
272,Ethan Allen,,Marketing,,2
273,Harper Young,29,IT,68000,
274,,40,Sales,,4
275,Alexander King,46,,62000,3
276,Amelia Wright,,HR,70000,5
277,Daniel Scott,38,,72000,
278,,26,Finance,,6
279,Evelyn Green,41,Marketing,75000,
280,Jack Adams,,IT,,2
281,Abigail Baker,34,Sales,68000,
282,,30,HR,,4
283,Henry Gonzalez,45,,62000,3
284,Grace Nelson,,Finance,70000,5
285,Samuel Carter,32,,72000,
286,,28,Marketing,,6
287,Lily Roberts,39,IT,75000,
288,Benjamin Turner,,Sales,,2
289,Chloe Phillips,27,HR,68000,
290,,44,Finance,,4
291,Andrew Campbell,31,,62000,3
292,Hannah Parker,,Marketing,70000,5
293,Matthew Evans,35,,72000,
294,,29,IT,,6
295,Elizabeth Edwards,40,Sales,75000,
296,Joshua Collins,,HR,,2
297,Sofia Stewart,46,Finance,68000,
298,,38,Marketing,,4
299,Christopher Morris,26,,62000,3
300,Avery Rogers,,IT,70000,5
301,Nathan Reed,41,,72000,
302,,34,Sales,,6
303,Zoey Cook,30,HR,75000,
304,Logan Morgan,,Finance,,2
305,Madison Bell,45,Marketing,68000,
306,,32,IT,,4
307,Anthony Bailey,28,,62000,3
308,Addison Cooper,,Sales,70000,5
309,Lucas Rivera,39,,72000,
310,,27,HR,,6
311,Natalie Price,44,Finance,75000,
312,Owen Henderson,,Marketing,,2
313,Scarlett Coleman,31,IT,68000,
314,,35,Sales,,4
315,Dylan Ward,29,,62000,3
316,Hazel Brooks,,HR,70000,5
317,Luke Gray,40,,72000,
318,,46,Finance,,6
319,Aria Sanders,38,Marketing,75000,
320,Gabriel Ramirez,,IT,,2
321,Layla James,26,Sales,68000,
322,,41,HR,,4
323,Aiden Bennett,34,,62000,3
324,Audrey Foster,,Finance,70000,5
325,Jackson Perry,30,,72000,
326,,45,Marketing,,6
327,Ella Barnes,32,IT,75000,
328,Mason Powell,,Sales,,2
329,Penelope Long,28,HR,68000,
330,,39,Finance,,4
331,Carter Patterson,27,,62000,3
332,Wyatt Rivera,,Marketing,70000,5
333,Aubrey Cox,44,,72000,
334,,31,IT,,6
335,Jayden Hayes,35,Sales,75000,
336,Brooklyn Ford,,HR,,2
337,Elijah Watson,29,Finance,68000,
338,,40,Marketing,,4
339,Skylar Myers,46,,62000,3
340,Landon Daniels,,IT,70000,5
341,Connor Ford,38,,72000,
342,,26,Sales,,6
343,Paisley Hansen,41,HR,75000,
344,Jordan Webb,,Finance,,2
345,Gianna Porter,34,Marketing,68000,
346,,30,IT,,4
347,John Smith,45,,62000,3
348,Michael Brown,,Sales,70000,5
349,Sophia Davis,32,,72000,
350,,28,HR,,6
351,James Wilson,39,Finance,75000,
352,Emma Johnson,,Marketing,,2
353,William Anderson,27,IT,68000,
354,,44,Sales,,4
355,Ava Martinez,31,,62000,3
356,David Thomas,,HR,70000,5
357,Isabella Lee,35,,72000,
358,,29,Finance,,6
359,Liam Garcia,40,Marketing,75000,
360,Emma Johnson,,IT,,2
361,Jacob Walker,46,Sales,68000,
362,,38,HR,,4
363,Charlotte Hall,26,,62000,3
364,Ethan Allen,,Finance,70000,5
365,Harper Young,41,,72000,
366,,34,Marketing,,6
367,Alexander King,30,IT,75000,
368,Amelia Wright,,Sales,,2
369,Daniel Scott,45,HR,68000,
370,,32,Finance,,4
371,Evelyn Green,28,,62000,3
372,Jack Adams,,Marketing,70000,5
373,Abigail Baker,39,,72000,
374,,27,IT,,6
375,Henry Gonzalez,44,Sales,75000,
376,Grace Nelson,,HR,,2
377,Samuel Carter,31,Finance,68000,
378,,35,Marketing,,4
379,Lily Roberts,29,,62000,3
380,Benjamin Turner,,IT,70000,5
381,Chloe Phillips,40,,72000,
382,,46,Sales,,6
383,Andrew Campbell,38,HR,75000,
384,Hannah Parker,,Finance,,2
385,Matthew Evans,26,Marketing,68000,
386,,41,IT,,4
387,Elizabeth Edwards,34,,62000,3
388,Joshua Collins,,Sales,70000,5
389,Sofia Stewart,30,,72000,
390,,45,HR,,6
391,Christopher Morris,32,Finance,75000,
392,Avery Rogers,,Marketing,,2
393,Nathan Reed,28,IT,68000,
394,,39,Sales,,4
395,Zoey Cook,27,,62000,3
396,Logan Morgan,,HR,70000,5
397,Madison Bell,44,,72000,
398,,31,Finance,,6
399,Anthony Bailey,35,Marketing,75000,
400,Addison Cooper,,IT,,2
401,Lucas Rivera,29,Sales,68000,
402,,40,HR,,4
403,Natalie Price,46,,62000,3
404,Owen Henderson,,Finance,70000,5
405,Scarlett Coleman,38,,72000,
406,,26,Marketing,,6
407,Dylan Ward,41,IT,75000,
408,Hazel Brooks,,Sales,,2
409,Luke Gray,34,HR,68000,
410,,30,Finance,,4
411,Aria Sanders,45,,62000,3
412,Gabriel Ramirez,,Marketing,70000,5
413,Layla James,32,,72000,
414,,28,IT,,6
415,Aiden Bennett,39,Sales,75000,
416,Audrey Foster,,HR,,2
417,Jackson Perry,27,Finance,68000,
418,,44,Marketing,,4
419,Ella Barnes,31,,62000,3
420,Mason Powell,,IT,70000,5
421,Penelope Long,35,,72000,
422,,29,Sales,,6
423,Carter Patterson,40,HR,75000,
424,Wyatt Rivera,,Finance,,2
425,Aubrey Cox,46,Marketing,68000,
426,,38,IT,,4
427,Jayden Hayes,26,,62000,3
428,Brooklyn Ford,,Sales,70000,5
429,Elijah Watson,41,,72000,
430,,34,HR,,6
431,Skylar Myers,30,Finance,75000,
432,Landon Daniels,,Marketing,,2
433,Connor Ford,45,IT,68000,
434,,32,Sales,,4
435,Paisley Hansen,28,,62000,3
436,Jordan Webb,,HR,70000,5
437,Gianna Porter,39,,72000,
438,,27,Finance,,6
439,John Smith,44,Marketing,75000,
440,Michael Brown,,IT,,2
441,Sophia Davis,31,Sales,68000,
442,,35,HR,,4
443,James Wilson,29,,62000,3
444,Emma Johnson,,Finance,70000,5
445,William Anderson,40,,72000,
446,,46,Marketing,,6
447,Ava Martinez,38,IT,75000,
448,David Thomas,,Sales,,2
449,Isabella Lee,26,HR,68000,
450,,41,Finance,,4
451,Liam Garcia,34,,62000,3
452,Emma Johnson,,Marketing,70000,5
453,Jacob Walker,30,,72000,
454,,45,IT,,6
455,Charlotte Hall,32,Sales,75000,
456,Ethan Allen,,HR,,2
457,Harper Young,28,Finance,68000,
458,,39,Marketing,,4
459,Alexander King,27,,62000,3
460,Amelia Wright,,IT,70000,5
461,Daniel Scott,44,,72000,
462,,31,Sales,,6
463,Evelyn Green,35,HR,75000,
464,Jack Adams,,Finance,,2
465,Abigail Baker,29,Marketing,68000,
466,,40,IT,,4
467,Henry Gonzalez,46,,62000,3
468,Grace Nelson,,Sales,70000,5
469,Samuel Carter,38,,72000,
470,,26,HR,,6
471,Lily Roberts,41,Finance,75000,
472,Benjamin Turner,,Marketing,,2
473,Chloe Phillips,34,IT,68000,
474,,30,Sales,,4
475,Andrew Campbell,45,,62000,3
476,Hannah Parker,,HR,70000,5
477,Matthew Evans,32,,72000,
478,,28,Finance,,6
479,Elizabeth Edwards,39,Marketing,75000,
480,Joshua Collins,,IT,,2
481,Sofia Stewart,27,Sales,68000,
482,,44,HR,,4
483,Christopher Morris,31,,62000,3
484,Avery Rogers,,Finance,70000,5
485,Nathan Reed,35,,72000,
486,,29,Marketing,,6
487,Zoey Cook,40,IT,75000,
488,Logan Morgan,,Sales,,2
489,Madison Bell,46,HR,68000,
490,,38,Finance,,4
491,Anthony Bailey,26,,62000,3
492,Addison Cooper,,Marketing,70000,5
493,Lucas Rivera,41,,72000,
494,,34,IT,,6
495,Natalie Price,30,Sales,75000,
496,Owen Henderson,,HR,,2
497,Scarlett Coleman,45,Finance,68000,
498,,32,Marketing,,4
499,Dylan Ward,28,,62000,3
500,Hazel Brooks,,IT,70000,5